<?xml version="1.0" encoding="UTF-8" standalone="no"?><TaskList Version="2.0"><Task Active="true" ConnectorKind="local" CreationDate="2015-04-13 19:45:41.841 +0100" DueDate="2015-04-15 00:00:00.0 +0100" EndDate="" Estimated="1" Handle="local-1" IssueURL="" Kind="task" Label="Create UML Diagrams" LastModified="now" MarkReadPending="false" ModificationDate="" Notes="Objective:&#13;&#10;For the documentation I want to see the visual over graph of the classes, their attributes, methods and how they are to be laid out.&#13;&#10;&#13;&#10;Method:&#13;&#10;I must create Uml Diagrams for the following classes:&#13;&#10;&#13;&#10;Employee - Create a new Employee&#13;&#10;StockItem - Create a new StockItem&#13;&#10;Order - Create a new Order&#13;&#10;&#13;&#10;Expected Result:&#13;&#10;This will allow for a UML diagram of the basic layout structure which I can keep and change at will but still also have it as vital documenting information.  " NotifiedIncoming="true" Owner="local" Priority="P2" Reminded="false" RepositoryUrl="local" ScheduledEndDate="2015-04-19 23:59:59.999 +0100" ScheduledStartDate="2015-04-13 00:00:00.0 +0100" Stale="false" TaskId="1" offlineSyncState="SYNCHRONIZED"/><Task Active="false" ConnectorKind="local" CreationDate="2015-04-13 23:54:17.904 +0100" DueDate="" EndDate="" Estimated="0" Handle="local-4" Kind="task" Label="New Task" LastModified="now" MarkReadPending="false" ModificationDate="" Notes="" NotifiedIncoming="true" Owner="local" Priority="P3" Reminded="false" RepositoryUrl="local" ScheduledEndDate="2015-04-19 23:59:59.999 +0100" ScheduledStartDate="2015-04-13 00:00:00.0 +0100" Stale="false" TaskId="4" offlineSyncState="SYNCHRONIZED"/><Task Active="false" ConnectorKind="local" CreationDate="2015-04-13 23:41:44.614 +0100" DueDate="2015-04-17 00:00:00.0 +0100" EndDate="" Estimated="1" Handle="local-3" Kind="task" Label="Create Tasks For Next Week" LastModified="now" MarkReadPending="false" ModificationDate="" Notes="" NotifiedIncoming="true" Owner="local" Priority="P3" Reminded="false" RepositoryUrl="local" ScheduledEndDate="2015-04-19 23:59:59.999 +0100" ScheduledStartDate="2015-04-13 00:00:00.0 +0100" Stale="false" TaskId="3" offlineSyncState="SYNCHRONIZED"/><Task Active="false" ConnectorKind="local" CreationDate="2015-04-13 21:20:34.394 +0100" DueDate="2015-04-16 00:00:00.0 +0100" EndDate="" Estimated="1" Handle="local-2" IssueURL="" Kind="task" Label="Create the architecture for from the UML Diagrams" LastModified="now" MarkReadPending="false" ModificationDate="" Notes="Objective:&#13;&#10;For the documentation and the start of the system I want to fill both barSystem and barSystemTests with empty classes and tests&#13;&#10;&#13;&#10;Method:&#13;&#10;1:&#13;&#10;See if I can reverse engineer the classes from the UML Designer&#13;&#10;2:&#13;&#10;Code classes, getters, setters, constructors.&#13;&#10;&#13;&#10;Result:&#13;&#10;This will pave way to allow development of tests and production code." NotifiedIncoming="true" Owner="local" Priority="P3" Reminded="false" RepositoryUrl="local" ScheduledEndDate="2015-04-19 23:59:59.999 +0100" ScheduledStartDate="2015-04-13 00:00:00.0 +0100" Stale="false" TaskId="2" offlineSyncState="SYNCHRONIZED"/><TaskCategory Handle="handle-3" Name="3rd Iteration"/><TaskCategory Handle="handle-2" Name="1st Iteration"><TaskReference Handle="local-2"/><TaskReference Handle="local-1"/><TaskReference Handle="local-3"/></TaskCategory><TaskCategory Handle="handle-1" Name="2nd Iteration"/><TaskCategory Handle="Uncategorized" Name="Uncategorized"><TaskReference Handle="local-4"/></TaskCategory></TaskList>