<?xml version="1.0" encoding="UTF-8"?><InteractionHistory Id="local-1" Version="1"><InteractionEvent Delta="null" EndDate="2015-04-13 23:57:34.17 BST" Interest="19.817001" Kind="propagation" Navigation="org.eclipse.mylyn.core.model.edges.containment" OriginId="org.eclipse.mylyn.core.model.interest.propagation" StartDate="2015-04-13 20:58:05.617 BST" StructureHandle="" StructureKind="java" NumEvents="24" CreationCount="0"/><InteractionEvent Delta="null" EndDate="2015-04-13 23:58:08.309 BST" Interest="14.0" Kind="selection" Navigation="null" OriginId="org.eclipse.sirius.diagram.ui.part.SiriusDiagramEditorID" StartDate="2015-04-13 20:58:05.570 BST" StructureHandle="/BarSystemUml/representations.aird" StructureKind="resource" NumEvents="14" CreationCount="1"/><InteractionEvent Delta="null" EndDate="2015-04-13 23:57:26.392 BST" Interest="5.0" Kind="edit" Navigation="null" OriginId="org.eclipse.sirius.ui.fakeeditoronlyforicon" StartDate="2015-04-13 23:48:00.140 BST" StructureHandle="/BarSystemUml/representations.aird" StructureKind="resource" NumEvents="5" CreationCount="1"/><InteractionEvent Delta="null" EndDate="2015-04-13 23:59:17.918 BST" Interest="13.0" Kind="selection" Navigation="null" OriginId="org.eclipse.sirius.ui.tools.views.model.explorer" StartDate="2015-04-13 23:54:46.364 BST" StructureHandle="/BarSystemUml/model.uml" StructureKind="resource" NumEvents="13" CreationCount="15"/><InteractionEvent Delta="null" EndDate="2015-04-13 23:59:32.727 BST" Interest="43.0" Kind="propagation" Navigation="null" OriginId="org.eclipse.sirius.ui.tools.views.model.explorer" StartDate="2015-04-13 20:58:05.617 BST" StructureHandle="/BarSystemUml" StructureKind="resource" NumEvents="43" CreationCount="0"/><InteractionEvent Delta="null" EndDate="2015-04-13 23:57:28.337 BST" Interest="9.0" Kind="selection" Navigation="null" OriginId="org.eclipse.jdt.ui.PackageExplorer" StartDate="2015-04-13 23:50:38.877 BST" StructureHandle="=BarSystemUml" StructureKind="java" NumEvents="9" CreationCount="0"/><InteractionEvent Delta="null" EndDate="2015-04-13 23:54:53.827 BST" Interest="10.817" Kind="propagation" Navigation="org.eclipse.mylyn.core.model.edges.containment" OriginId="org.eclipse.mylyn.core.model.interest.propagation" StartDate="2015-04-13 20:58:05.585 BST" StructureHandle="=BarSystemUml" StructureKind="java" NumEvents="13" CreationCount="0"/><InteractionEvent Delta="null" EndDate="2015-04-13 23:59:32.727 BST" Interest="43.0" Kind="propagation" Navigation="org.eclipse.mylyn.core.model.edges.containment" OriginId="org.eclipse.mylyn.core.model.interest.propagation" StartDate="2015-04-13 20:58:05.617 BST" StructureHandle="/" StructureKind="resource" NumEvents="43" CreationCount="0"/><InteractionEvent Delta="null" EndDate="2015-04-13 23:59:32.726 BST" Interest="1.0" Kind="selection" Navigation="null" OriginId="org.eclipse.sirius.ui.tools.views.model.explorer" StartDate="2015-04-13 23:59:32.726 BST" StructureHandle="/BarSystemUml/barsystemuml.uml" StructureKind="resource"/><InteractionEvent Delta="null" EndDate="2015-04-13 23:58:38.999 BST" Interest="1.0" Kind="propagation" Navigation="null" OriginId="org.eclipse.mylyn.resources.ui.interest.updater" StartDate="2015-04-13 23:58:38.999 BST" StructureHandle="/BarSystemUml/barsystemuml.uml" StructureKind="resource"/></InteractionHistory>